{
	"description": "A WePY project",
	"setting": {
		"urlCheck": true,
		"es6": false,
		"postcss": false,
		"minified": false,
		"newFeature": true
	},
	"compileType": "miniprogram",
	"appid": "wxbdc2198e6134aa08",
	"projectname": "%E9%9B%86%E6%A0%882",
	"miniprogramRoot": "./dist",
	"condition": {
		"search": {
			"current": -1,
			"list": []
		},
		"conversation": {
			"current": -1,
			"list": []
		},
		"plugin": {
			"current": -1,
			"list": []
		},
		"game": {
			"list": []
		},
		"miniprogram": {
			"current": 8,
			"list": [
				{
					"id": 0,
					"name": "购物车界面",
					"pathName": "pages/cart",
					"query": ""
				},
				{
					"id": 1,
					"name": "分类界面",
					"pathName": "pages/classify",
					"query": ""
				},
				{
					"id": -1,
					"name": "我的界面",
					"pathName": "pages/my",
					"query": ""
				},
				{
					"id": 3,
					"name": "测试模块",
					"pathName": "pages/shop_detail",
					"query": "id=10"
				},
				{
					"id": -1,
					"name": "主页界面",
					"pathName": "pages/index",
					"query": ""
				},
				{
					"id": 5,
					"name": "新增地址",
					"pathName": "pages/address_list_recv",
					"query": ""
				},
				{
					"id": 6,
					"name": "确认订单",
					"pathName": "pages/comfire_order",
					"query": ""
				},
				{
					"id": 7,
					"name": "订单列表",
					"pathName": "pages/order_topay",
					"query": ""
				},
				{
					"id": -1,
					"name": "本月销售额",
					"pathName": "pages/amount_record",
					"query": ""
				}
			]
		}
	}
}